col_0,col_1,target
-0.3763796434579125,-1.8892024269682821,0.3675559488474452
1.3521429192297485,0.2514056842701491,-0.9761904307985482
0.6959818254342154,2.23767501525845,-0.6411392254095221
0.2959754525911098,1.3933493184573669,-0.29167302678393936
-1.0319440786726903,1.8393668871686986,0.8582982168396234
-1.0320164389913922,0.9527002002643039,0.8583353463781259
-1.3257491634954017,1.1536593871071146,0.9701258841370738
1.0985284373248057,2.0951739093919155,-0.8905389002273146
0.3033450352296265,-1.5019919468448844,-0.298714181589378
0.6242177333881367,-0.06345021814115714,-0.584462704610811
-1.4382465171125927,-1.6727433490823866,0.9912281283482874
1.409729556485983,2.926008047979882,-0.9870567657436524
0.997327922401265,2.6643560381196796,-0.8400242527888001
-0.8629826679651715,-2.7634391317889646,0.7597851933474725
-0.9545250983786981,1.2334510350941308,0.8160393410681573
-0.9497864704396985,2.5514899044939945,0.8132912797122013
-0.5872732711213868,-1.9165479292359988,0.5540932074894915
0.07426929489671341,0.407671383315777,-0.07420103637564239
-0.2041649440736526,2.4929297855282506,0.20274951834685828
-0.6263125794058743,-2.7963241284852067,0.5861612221027512
0.3355586841671383,1.1845216034810395,-0.329296745624699
-1.0815184180438746,-1.2159059557646954,0.8826724633848556
-0.6235660543943455,2.5463771722591826,0.5839337947990145
-0.4009144701189249,2.8263494709922066,0.39026046212135634
-0.13179004734889221,2.6655989346806033,0.13140887671959262
0.8555278841790406,-0.1547147000552176,-0.7549172183527754
-0.9009786535249208,2.172255905935881,0.7839348751963231
0.042703315240834705,2.067296391210422,-0.042690337654446055
0.2772437065861273,-1.0853971605404662,-0.27370565138575015
-1.360648761840007,1.9734928449040643,0.9780001427000279
0.3226345557043151,-2.7779541917070443,-0.31706627962425527
-0.9884276289381254,0.5776192708923182,0.8351622014227816
-1.3048452210441615,-1.6199469762737817,0.9648429609954368
1.3466566117599998,-2.276598685336327,-0.9749856813764584
1.396896099223678,-2.538280790224745,-0.9849174226826698
0.9251920443493833,1.177732655268839,-0.7987363274038551
-0.5861586924798879,-0.9607502173916034,0.5531650273557382
-1.2069836579808484,1.3486006291725685,0.934546919651324
0.5526990795364708,-2.607861955206346,-0.5249863537336373
-0.1795425187811961,-1.108257973016338,0.178579464695369
-1.1338852954656635,0.2369477542520233,0.9060630583473754
-0.014469269666189444,1.744338989033781,0.01446876479099245
-1.3968344366543448,-1.0874849824075805,0.9849067516406147
1.2279612062363463,0.7553482586220546,-0.9418054017986442
-0.7236600551999492,2.3158664894171226,0.6621318997413076
0.4875668530619459,0.6951791290938276,-0.4684776516962288
-0.5648667717317671,-1.6022431514781974,0.5353032881831584
0.06020406353343244,-2.853595310660772,-0.060167701558775884
0.14013083802983894,2.2205932434055793,-0.13967267135953562
-0.9454366334234189,-2.8723835348976774,0.8107526114380811
1.4087538832936755,2.2482100361051964,-0.9868998260203024
0.8253984700833437,0.17362280416327192,-0.7348181085749061
1.3184968246925672,2.6344061910773773,-0.9683409546248
1.1844820512829464,1.7926994146419926,-0.9263040441998904
0.29369993643325554,2.987604663200025,-0.2894957011690634
1.2656227050693505,-0.8957291072897391,-0.9537948007721181
-1.2345224938442416,1.6031297335867611,0.9439907465203851
-0.9120514127425644,-0.588414518344547,0.7907611234266365
-1.3643181332683858,-0.12074627817654715,0.9787590033197141
-0.524009007710207,0.7650327793102205,0.5003552293478
-0.3339681309315541,2.2420626851180323,0.32779448723131516
-0.6859529046783123,2.904500815195771,0.6334106716954853
0.986212527455788,1.6096404831871087,-0.8339418394192228
-0.4297400199192323,-0.49339930699599766,0.4166344753547831
-0.6571964709378577,-0.4718579863375787,0.6108996792160875
0.12808824947474529,1.4254938095333491,-0.1277382879105279
-1.077227325075712,-1.567337125390186,0.8806475781000216
0.906590942262119,-2.337155321211632,-0.7874068613728632
-1.2763480689606874,-0.8722670541553406,0.9569624101128923
1.4606608098015519,-1.2765660500755096,-0.9939412120045484
0.8167343078899725,-1.2221512772640595,-0.7289140105345666
-0.9038529553974828,-1.5983534937005404,0.7857161248433424
-1.4834336486291928,-2.7474408621818287,0.996186307741537
0.9463842853645024,-2.892756391599517,-0.8113069922680185
0.6205720315428511,2.926334338416189,-0.5815006295979877
0.6870215041229617,-0.43336119758482594,-0.6342372090447366
0.8138110400578373,-0.6940401170419097,-0.7269096143805034
-1.277866044797729,1.0778836961584188,0.9574018420517951
-0.4246028143671823,-1.690476672809615,0.4119588977341428
-1.1523928214246109,2.699767103701352,0.9137387637712263
1.0893102776267805,1.718070086493312,-0.8863077170782395
0.36989438048267376,-2.4635339861264427,-0.3615169579839148
-0.5073059254420524,-0.49451534529042984,0.4858242393501342
-1.3093249491419292,2.274709845372988,0.9660106695980686
-0.5670530348530134,2.668392133748462,0.5371486562505958
-0.5244500339197589,-0.19559093250078163,0.5007370300823601
0.6888185350141924,0.680468335264246,-0.635625538013601
0.41267241406563926,-1.9977963234475486,-0.4010588282612811
1.1616382277289796,2.9470117568218592,-0.9174560873162166
-0.08335522451415223,-1.6099697916993396,0.08325873139411603
-1.141217262185095,2.656390644810754,0.9091411448153105
0.6397343616689852,0.8978798939542108,-0.5969823529162928
0.7823551458506923,0.6464207692731545,-0.7049517722785589
0.1838315927084886,0.07613106609905174,-0.1827979383473792
0.8129015398636827,-1.6159811296934479,-0.7262847298914686
-0.01861321090682777,-1.9408318079669504,0.018612136162599126
0.06819848814598206,-1.6770827455789479,-0.0681456348598537
-0.217376944924351,-1.881370427134473,0.21566904250346666
-1.4237426197677143,1.67750684140052,0.9892070742377141
-1.1763257190200866,-0.8992484449996194,0.9232001494792278
-1.4057124429397971,-2.652943940619622,0.9864045737571644
0.4092312337913411,2.8146157808448677,-0.39790415876668545
-0.55693205677102,2.302715309780554,0.5285843715839328
0.025712073494108312,2.566513699171278,-0.025709240499838255
1.222699421778279,2.9694469358786115,-0.9400235784549683
-0.7521233125533752,-1.9566285046830763,0.683190826447717
-0.2688512308931108,-0.6225478865840475,0.26562411070169967
0.766653415629146,1.549430854224548,-0.6937287962615211
-0.8136055035251326,1.1761237083227538,0.7267684502777235
-1.269060270513621,-2.0766245619608696,0.9548220100324369
-0.6307456412586959,1.8949987499437064,0.5897470927581938
-1.0163361382379867,-1.653356568980036,0.8501847664503674
1.2890929570277194,-1.6570943110642615,-0.9605833084459217
0.9243611386932509,0.22184653736048165,-0.7982361114147939
0.4002112695312703,0.5576396090502191,-0.3896129257408695
1.1143817705631531,0.48051724702686727,-0.8976384855350306
0.9110162306973435,-2.4510789756134708,-0.7901270391835694
-0.9402898233418925,2.2647651757822818,0.8077290008226854
1.177676995469933,-1.4063997444677636,-0.9237186283635365
0.11802672574695228,-2.222910472303175,-0.11775289177267317
0.9223204654921875,2.332488479213863,-0.797005261561332
1.1882738997704796,2.73390898937852,-0.9277260623757948
-0.5459895750844084,2.172765703592704,0.5192640491946305
-1.1698442264169697,1.8570964483492682,0.9206898112393964
-0.816194512374175,0.9314518838341304,0.7285443575066138
-0.21867663412123095,0.30514422365483584,0.2169379629797638
0.9540442977674792,-2.4780794405315394,-0.8157613457534151
1.0821917497690303,-0.5492807215758075,-0.8829887215321092
-1.479143608406428,-0.7638688979261161,0.9958028289374142
0.032241907732697195,-1.4414772974380428,-0.03223632189427892
-0.24776699055366302,1.34052068213151,0.24523975364344994
-0.8336765685878093,-0.024745589527375156,0.740407605178936
-1.1404038979989517,-2.5137227045541124,0.9088020875814967
-0.48715448578911613,-1.678900788301132,0.4681132955552868
1.3287291117375575,1.0995525819575755,-0.9708445173070152
-0.5303912039377343,-2.543214843058199,0.5058708360361855
0.056371865230098184,2.1072414842926124,-0.056342013675057825
0.6090568766855338,-0.029120837916154052,-0.5720941762822846
-0.40911119286211806,-0.11648053604011199,0.3977940271118125
1.4153462481628818,0.5544467079571058,-0.9879419475215574
1.3873418848263337,1.9480857955508952,-0.9832193765652257
-0.7446531125239075,-0.9131447525868417,0.6777167768831798
-0.008254482322843648,1.0680969153543813,0.008254388584603558
-0.597365070549691,0.39439178397474617,0.5624658146795887
-0.6454785168675972,-1.397830378983472,0.6015807523860985
-1.3893391579364016,2.2717799181309477,0.9835817720436164
0.32869300193969053,1.7845561296415688,-0.322806276466711
0.008037069686584353,0.9507110079505532,-0.008036983161795365
-1.3455637462500318,2.1034903745654514,0.9747421905050291
-0.6640606072901657,2.203765205758814,0.6163196366810444
1.2247976578999609,1.2501778602902087,-0.9407372368748657
-0.7813143279990827,2.0220799701820322,0.7042131850565582
-1.0653153837263307,1.1848287700157023,0.8749416893835726
-0.031641719167311066,1.0808446305618027,0.03163643949189378
1.456951362331802,0.7116682692911058,-0.9935266581401435
-0.7738341854654988,1.5162998373458478,0.6988827176097758
0.5164066422176354,-2.048369368241558,-0.49375855184221823
0.784858845986153,2.2852245551935706,-0.7067253233706028
-0.787087368022801,2.2310611664713917,0.7083002198305625
0.6846490458355787,-2.824516301792645,-0.632401186969586
-0.3966506018422402,1.9549005033885756,0.3863311637437443
0.39691749178073854,-2.226780795159329,-0.3865773186232166
0.400589132282684,-0.9892868744451486,-0.3899609014641066
0.10732405222427532,1.4610495377496466,-0.10711813635767227
-1.229130689836775,-2.0354406237101506,0.9421978895957238
1.0059074867677138,1.9078021447143731,-0.8446481120126882
-0.5376598050847925,1.9928050677464517,0.5121273801549531
-0.9404444688004373,0.04480640256501722,0.8078201630049157
-1.3776745753357083,-2.9616847696989987,0.9814098805690424
0.27267882956472533,-1.2777712009505233,-0.26931225452290597
0.532693085526847,0.7015615102544532,-0.5078551183879996
-1.4502365132164314,2.8871170681645406,0.9927414637694563
0.036279174897842825,0.7908811621000105,-0.03627121710969893
-0.8205126744061861,-1.4411785136150412,0.7314954909785362
0.43551837122834947,0.8040342185976681,-0.42188044006504927
-0.9769007129850257,0.23991227829513306,0.8287670118082568
0.5728132143073976,1.6790723709068613,-0.5419983581089013
-0.3397939610983878,-2.3581161670382498,0.33329284092781164
1.3101899662102037,1.5661674150121678,-0.9662339169724846
-1.0874371675620202,0.24759947205666144,0.8854387315166634
-0.47680094684922447,2.7779520231539676,0.45893927357049985
-1.1595794362782328,-0.9487670037678835,0.9166350799787382
1.2740808548356881,0.795731358803689,-0.956301978645932
1.132018060142943,2.592168633060105,-0.9052713723084992
-0.7261751168545332,-2.3849416320559245,0.6640145588855882
0.4799521381025371,2.6233709234187064,-0.46173672175254205
0.9516666006036476,1.1273143338048799,-0.8143838080746939
0.16560243479838688,-2.5929776453689684,-0.16484655389170572
0.08895173506801957,-1.1942185983191025,-0.08883447768335177
-0.774443127298645,1.2490325318716895,0.6993181253025306
-1.2206916965823025,-2.59589639118737,0.9393368302350696
1.1916472738599801,0.49302276105763987,-0.9289799329951686
1.2012541714899916,-0.9247016582822596,-0.9324928115893897
0.3993043718198037,0.7254931066048629,-0.38877753215773136
-0.4829106268538981,-2.725547797124923,0.4643589271005488
-0.45237127616201733,2.2292208369142577,0.43709951796487795
0.677867036610718,2.840933815064382,-0.627133060777753
1.191330779857731,2.8132671317141487,-0.9288627425161029
1.161259272795352,1.497910990457548,-0.9173052591259414
0.8396266375728718,-2.219482559216208,-0.7443938625345358
0.4260949384628634,1.5495791755741353,-0.41331806573031743
-1.2475801050148534,-2.852478501247191,0.9482187945226006
-1.0151138577161587,-2.8672586908260165,0.8495406198625861
1.1956625655812378,-1.0583386851027525,-0.9304586205300899
0.3192871789787697,-0.0681408575720055,-0.3138898457955104
-1.472408845150111,1.622444506846759,0.995163854812748
-1.1955853714019038,1.099772259639031,0.9304303340427638
0.4905053073241674,-0.3245837617395102,-0.47107167732424876
-1.484815248461344,-1.3582400023100047,0.9963059037186716
-1.017575845747504,2.982747000946267,0.8508367996803081
0.14620136809975826,-0.4429121865841621,-0.14568108598252227
0.57568559307808,-0.29167785402194735,-0.54441000726082
0.4558837785078016,-2.018257072849985,-0.44025600586942587
-0.8271920716183206,1.7688572924995762,0.7360334617053891
0.6365376640426077,1.162093354688932,-0.5944147424098771
-0.7882527375095998,-1.6753823232674376,0.7091223861964879
-0.5238009055221968,-2.505713726304944,0.5001750394336422
0.7394742153540723,1.0829958124482788,-0.6738995430130806
0.448898697141644,0.9270672856868112,-0.4339736055662116
1.0476702314825337,-1.360442838010744,-0.866261647172029
0.4728386769010302,2.7051813735024623,-0.45541533158824327
0.20492581000641485,-2.0936526493145986,-0.20349452281645103
-1.2189756965157226,-0.40599119374438875,0.938746866194946
-0.39685259082169955,2.6616955210055933,0.38651746244522617
-0.7043928969548237,-0.48163609844326594,0.6475713334474528
-0.7680310698627493,0.8311556859845135,0.6947203742390076
1.4190316642573366,-0.6144336122232343,-0.9885058306659347
-0.3207068259997188,-1.3547087859079798,0.31523742625441026
1.1761396655313399,2.903865887758969,-0.9231286295157363
0.3934158779917887,-0.5439959621097419,-0.3833455674217418
0.8844339106249453,2.364595222074806,-0.7735563646877985
0.007911279315576447,-1.620272364653483,-0.007911196790194225
0.23071165387907744,-1.7213717758495002,-0.22867037921388578
-0.022446918543408412,-2.813195502692932,0.022445033557968033
-0.9142710366058665,0.9100009522553103,0.7921178613276769
0.667356345784516,-0.7888419376574332,-0.6189116659934649
-0.6576829126774326,2.186149499037822,0.6112847267479936
-1.4270521007056385,-0.16074055985065705,0.9896865754387059
0.43641688772150333,2.8091605674883304,-0.4226949109591081
-0.9686679617788532,-1.8868469057812731,0.8241319811713234
1.321375753058743,2.211739007733665,-0.9690556114055928
1.3617857310077621,1.6595811167504504,-0.9782366870863058
1.2445931706613456,1.625531067864312,-0.9472658622810487
-0.3895238992336667,2.068699368701326,0.37974802213858866
-1.4536301504133977,1.566143945657993,0.9931438922800974
1.2849556877631763,0.7573219297884926,-0.95942496167368
-0.21544755504805702,-2.2125307339056746,0.21378465763591128
1.3999644571310088,-2.8048429230524885,-0.9854436882461114
1.3908599312677588,2.5250870868941213,-0.9838550778796742
1.0590283664020803,0.6999018871244282,-0.8718800660968113
-0.6166533237912429,1.779223745857058,0.5783081240900186
-0.3447068141942242,-0.11086589092469978,0.337920752751535
1.053410014550571,-2.2961508662256334,-0.8691149035388068
-0.549233984531167,-2.248885246784697,0.5220340286719481
-0.9915217599417225,1.1133917233738284,0.8368599845137361
0.17040378737505035,-0.41816463060322384,-0.16958030194999774
1.308464322482343,-1.7968516397979797,-0.9657878379910956
0.5880893900249191,-0.050432719551378735,-0.5547724048501922
0.2101835102680949,-2.6147463775491957,-0.20863937505040864
-1.2084705186876943,0.49182841148639245,0.935074970837689
0.3450216800975092,-1.386039573389414,-0.338217079775885
1.47016155031279,1.7853546038231292,-0.9949405929131953
-1.0797479542904278,-1.1378282464585574,0.8818389825801314
0.0549889570912101,-0.26867910550919305,-0.05496124881311581
1.1321192157838662,-2.930276760551396,-0.9053143420103695
0.7223058532626134,-2.565318673232647,-0.6611164711687139
0.5910472229858037,-0.6450386615598909,-0.5572308978588681
0.6074522519613277,-0.12036699169725917,-0.5707773464836813
-0.4215265463407345,0.6001232887158223,0.40915384998788673
-0.6192244672065199,-1.2500245277441806,0.5804037964354144
0.9280834664355408,1.169891316759255,-0.8004727004771559
0.9303401840375423,2.1607343831352273,-0.8018232680739238
1.1012169557403109,1.6791059333600984,-0.8917587063983109
1.239721657669414,-2.762287047909857,-0.9456935582588811
0.03402719658281339,-0.11695831645302635,-0.03402063056407919
0.004548884061598812,-2.370418929490951,-0.004548868373767735
0.8948855369003255,-1.5477299048248352,-0.7801374772368057
0.44989179233329546,2.9199755596028787,-0.4348680962850001
0.6059006317731099,-2.145026742590921,-0.5695026170091982
0.8873780083083034,-0.006671079291863613,-0.7754187651928293
1.170016025452699,0.7089344059087148,-0.9207568499752663
-0.4860145294453926,1.2147898232646241,0.4671056481530605
-0.37325114208016785,0.3578921009214846,0.364644644168673
-1.218054180477393,-2.9413749154848983,0.9384289063241579
0.23484042298852192,-1.0412321505360487,-0.23268779161621334
-1.3921731786097737,0.10626986030826835,0.9840892573569399
-0.10320594560261953,-2.472801005131,0.10302282736285523
0.12793390412272987,-0.8962384127449154,-0.12758520544865498
-0.6403762436151468,-2.8007813472518004,0.597497182493641
0.27249978170703226,-2.5285290170698755,-0.26913981764642675
-1.4084992501828517,-0.6184603427904234,0.9868587129898542
-1.3879554337523567,-2.203705475741638,0.9833311194648652
0.9678016819789748,0.4052450895693491,-0.8236410130213204
-0.41942807576621144,1.1367898148235946,0.40723816870679486
-1.1188184620443455,1.8035201946544976,0.8995850386649801
0.06672978016441311,-1.7990985345311394,-0.06668026808813919
0.8099806592958325,-1.9951045064455815,-0.7242738388494632
-0.8525369175094705,-2.3725929579935983,0.7529523085426337
0.3686714274570009,0.8185814972618202,-0.3603764486723411
-1.243957605018696,1.2388543589214072,0.9470620047730978
-1.344954836494177,-2.8104831310461478,0.9746060201226158
0.0940638947044441,2.617273477462139,-0.09392524291293276
0.12190536483031966,-2.6881722980911658,-0.12160365149988743
0.41228970449461966,0.24777801180642278,-0.4007082169162232
0.6782740011679849,1.2543631167054983,-0.6274499984708578
1.427556238387604,2.225814742476514,-0.9897586672508392
0.048901044903586044,1.284521592794567,-0.04888155762292192
-0.5311305811762621,1.8103684984187511,0.5065084913398951
0.8855585843061111,-0.9632988447431634,-0.7742686119513509
-0.6875032462137773,1.8889506824790736,0.6346095887993753
-0.18308573788309168,-2.5193109216919494,0.18206460002259242
-1.264630855973202,2.3688999363631655,0.9534963218976088
-1.4239477697536276,0.2855542569224174,0.9892371128750952
1.3879452440337752,1.9037866197749622,-0.9833292666800347
1.0079403615366176,-0.28609029289019894,-0.8457346084170697
0.5879226182810937,0.86146617117915,-0.5546336426864009
-0.27314116675719036,0.15841596561667926,0.2697574809026417
-0.9801170397874627,1.3895371305319912,0.8305625586041011
-1.030688871986742,-2.5102201078164628,0.8576534300278
-0.749271305506214,-2.637887496056617,0.6811054014470017
0.14767999411836152,-1.5173805959391213,-0.1471437776452729
0.6437877681001871,-2.04273191932087,-0.6002293027903141
0.4805921301531937,2.23070139955321,-0.46230431099622804
-0.6601983091621715,-1.684716075851734,0.61327350261408
1.3645958419895825,2.8551915349147876,-0.978815899802353
0.7136907500873058,-0.9786252493733589,-0.6546282493110326
0.16306215753420217,-1.9072925058678043,-0.16234050040599254
0.33516223870305684,1.7381910428548748,-0.32892238545018737
-0.24119981271663038,0.9522466530052567,0.23886787870944032
-0.7568070314965276,-0.010825701281166111,0.6866035587000342
-0.43208196404621524,0.3321813056257872,0.4187623315937211
0.7735383313931075,1.3152106696335828,-0.6986710814579962
-1.4568195341107324,-1.6292715520122076,0.9935116739258768
-1.1517820784792514,2.9780034963404516,0.9134904471734887
-1.3619920739347418,2.848758972880699,0.9782794807940557
-1.3778135930430895,0.9019541180816213,0.9814365518565579
1.0663817520330214,-1.8027452944251292,-0.8754575575249018
0.6109735781400709,1.0813694545877475,-0.5736651798696965
-0.07747851273802442,-2.566809546124945,0.07740101978275954
-1.2064975180469957,-2.816084986765164,0.9343738212269745
-0.025152374649502818,-1.453902668932718,0.025149722658832536
-0.07958468765830284,-0.22426225956410217,0.07950070303820482
-0.9803943902699545,2.209635032450283,0.8307169901695554
-0.19844505228608078,1.3630144185978477,0.1971451389469727
-0.3044857968078798,1.4562391271998862,0.2998026643835749
0.3475502941566493,-0.44703999331154787,-0.3405955940588731
0.4052809526029315,-0.9243900447182227,-0.3942769690274174
-1.3640879706838664,-0.7737674220923836,0.978711790802136
-0.37616215612058634,2.9258973824163466,0.36735367662561663
0.37757974714270914,-2.759344851525105,-0.36867178201376033
0.00940877574026322,2.202188976734691,-0.009408636922136717
1.0694695235649667,0.4720524514343607,-0.876945686272829
0.4760808948568349,-0.36830748486245746,-0.4582994117588733
-1.011196718755711,1.3515459624908193,0.8474677257777671
-1.2882937577987104,-0.07998635145178312,0.9603608304824355
0.42725783461894684,2.2405394284899636,-0.41437670381867686
-1.4204660683751347,2.4042111840675506,0.9887216708125179
0.2573267438203899,-0.4696744387592675,-0.25449622840151287
1.3206907242748729,-1.3390332165896905,-0.9688862898265288
0.22642253362763687,0.5541019715601734,-0.2244928133221993
-0.3354902213804343,2.474180073700146,0.3292321004766345
0.42986465532705953,-1.7360268659660005,-0.41674777493932524
-0.1252413285254501,0.7377995013808967,0.12491417535239661
0.1368503679478048,0.7893613205551233,-0.13642361161452402
1.3243944263295755,1.3986781344916857,-0.9697963319420576
-0.34169208659767714,-2.210593889236441,0.3350818365011776
1.3835716914717429,1.2949497880925316,-0.9825246047358169
1.2160519258681912,2.4541951239938458,-0.9377353019649844
-0.9126265956321107,-1.9219013467785482,0.7911130763477752
-1.2919160973745036,-1.5747400504567342,0.9613642906438818
-1.19766599586772,2.8283705642498376,0.9311908035633957
-1.445334523045351,-1.9141382837430614,0.9921399861726482
-1.216671117732215,2.1263105602174743,0.9379501989107042
0.5490203202490704,-0.04633286131179126,-0.5218517772224552
-1.286434054619313,-1.5166135535809377,0.959840759429336
-0.5430731091187161,2.2244994076350686,0.5167693921260628
1.0346259329083636,-0.32816846998400706,-0.8596713253680217
-1.4301841927925225,0.08890412357814093,0.9901303916117605
0.9434054477668075,-0.8445997836014056,-0.8095619061845444
-0.6544356756798002,0.5577051086095643,0.6087116101232427
-1.1455055171350312,-2.0188567644898634,0.9109187875660394
0.590211496092452,-0.6535107800894355,-0.5565367511749824
0.3868285403396521,2.816473934011725,-0.3772531962719525
1.132416040581159,-1.4511994037932348,-0.9054403761465811
0.7052131314116572,0.9404199872477532,-0.6481961381610719
0.9104427911545456,-1.0488596146518308,-0.7897754234734516
-0.6538962822860805,1.6408387541196037,0.6082835714242341
-0.9676813686608315,-2.214758035689901,0.8235727759909445
0.7518442549225748,2.818926270471268,-0.6829870208360654
0.9205042178017919,-0.2772627516981645,-0.7959069841959645
1.47151542600202,-1.5836972199212163,-0.9950756981424522
-0.26214696926572056,-2.559019516019924,0.25915476737672455
-0.3839457426216506,-1.9814525694747556,0.3745818441334104
0.8292388822259906,0.1186436913361062,-0.7374174974814088
-0.47758937924094647,-0.977980941412282,0.45963962751825405
1.292271976810694,1.973300195295657,-0.961462196010372
1.0752382555290354,-0.4146748580291644,-0.8797034713047355
-0.21301791787494495,-1.5077143644742206,0.21141056303765918
0.7526132033744921,0.7028699196241801,-0.6835484822714524
0.7636286222540472,1.2406633013126749,-0.6915470599431047
-1.1906283934922022,-1.9977485525943008,0.928602332582426
1.2076587200387001,-1.994284702270094,-0.9347869207271094
0.015757117343571547,-2.779971438398742,-0.015756465304431734
0.9793723983232248,1.4184120903938435,-0.8301476186708163
-0.5398511969081647,0.9828271657308303,0.514008356257811
1.1865696854886014,-0.1522147455011167,-0.9270885974161475
-0.33239496379751055,2.065022693815183,0.32630783406162694
-1.467487045559105,1.834020917700319,0.9946683407179943
1.2161459292577907,0.5121261863805131,-0.9377679499641799
-1.2261399696415993,2.2096276830795514,0.9411916159071498
-0.5420590872287554,-1.7649527397793905,0.5159009974700657
1.3501859011524147,-2.3284822836136327,-0.9757640545618136
1.3518214408126683,-1.3815023308980623,-0.9761206467719957
0.22031366436985822,-2.657478863464111,-0.21853571659904308
0.3955116365093978,0.18701716800619206,-0.3852803771620311
-0.15466343406504057,2.619634153769769,0.1540475595289872
-0.6203676849058064,-2.763938755988942,0.5813343720785307
-0.5140063638902521,-2.267340515939839,0.49166985176053923
0.5175553682311151,-0.28680583029938855,-0.4947571568876566
0.75712358831304,2.6032501051674295,-0.6868336712352128
0.8747371311775458,-1.103063370139497,-0.7673749776300307
0.8688544283836617,0.043408852130354614,-0.7635897406695984
-1.226381690853929,-2.7505628456976474,0.9412732595446961
-0.01673908589225559,-2.109940794227467,0.016738304196275228
-1.3273237199500671,2.919780737753081,0.9705066720678683
0.14858664697120672,2.790712178616273,-0.14804050108477587
-0.17540849587986895,-2.970360114393542,0.17451037978973377
1.1631125482748992,2.7108707125394336,-0.9180416293573036
-0.44725496234376383,0.8347196268930022,0.4324921372300189
-1.1487989507171825,2.2075097671201327,0.9122726684908031
-1.0710249538414924,-0.2715608661968454,0.8776921485986081
0.7845318951524165,0.09357617147550146,-0.7064939717990134
0.35465418994878317,-0.0669205184584789,-0.3472660968786992
-1.1966319716316294,1.001185545276626,0.9308133707366759
-1.2476795816550077,-2.1620924714621226,0.9482503853905089
0.6029073943773602,-2.820158460763932,-0.567039659697304
-1.2817109809074194,-1.1524203504528545,0.9585050220252843
0.9655801778710686,1.2280845764198798,-0.8223791411088439
0.6187266814694885,-1.7888792872623098,-0.579998363269159
-1.2559536580743007,1.0405945999495039,0.950845110968057
-1.2454868577444242,2.819472276643623,0.9475518648508537
1.4599187355035266,-2.43659570526349,-0.9938593747324597
-0.3771876127316389,1.035612709350758,0.3683072413574101
-0.38807355879932715,-0.3374986841725729,0.37840592783267585
0.938398701772508,2.208853526265032,-0.806612638937387
1.3417457321515762,-1.9371012633156846,-0.9738823992378409
1.4580031914686127,1.155755713356987,-0.9936455954813777
0.7601345557768249,2.0286917378886615,-0.689018969746203
-0.3712212434072528,2.667685316844139,0.362753760643155
-1.2494978499039937,1.0994881697378744,0.9488261605622184
0.8314407477823105,-0.016951415949436388,-0.738902930646307
0.17521274920741514,0.7070834412072831,-0.17431763344242737
-0.22733397225907126,2.2134299068723093,0.2253808947928597
1.219063155284208,0.42365847983297833,-0.9387770015512182
-1.1664075530815459,-2.817677641818979,0.9193430600873431
-0.02212468712742255,2.585692173041867,0.022122882159309607
-1.465939065697743,1.1371605061893666,0.9945075126776439
-0.09401807401762108,1.059080314663479,0.09387962468919582
-1.331090172954488,-1.705949085613697,0.9714077809195617
-1.1435462511957843,0.9533128213959432,0.9101086745860816
-1.1474212596686852,-0.6368135660750491,0.9117075234958039
0.4476309063481907,0.9073978622489527,-0.4328310719485282
0.7381346377962696,-2.3604418181520557,-0.6729092279711788
0.250106295291479,0.947071827618216,-0.24750694868494214
1.3865176454236257,2.996482354624,-0.9830686789689177
-0.3753882614288879,-2.710727766836664,0.36663378168861477
-0.6428637411544178,2.8630451053279042,0.5994899840521818
1.1057973845683806,-0.5585522356627761,-0.8938220399359695
-0.8292124844416421,2.224520702023555,0.7373996671784776
1.389667618321834,1.6943129043496405,-0.9836409939346598
-1.463536575930551,0.4020975659200068,0.9942531856856032
1.4096364801229173,1.4306952555079588,-0.9870418346944652
-1.3705202641482717,2.2710933678080876,0.9800116953149525
1.1734293410942134,-0.5751580700938019,-0.9220831441343113
0.08310332725889946,-1.0378010306205678,-0.08300770609630308
1.4788943883579009,1.0055603133815083,-0.9957799882835388
-1.2786103057938034,1.8470756516475513,0.9576164888679111
0.16156285320396235,1.573710808659694,-0.16086090274089299
1.4079076068572967,1.786881893151807,-0.9867629392795199
0.06929353251044645,-0.3865001111224018,-0.06923809259119626
0.3881959144057876,1.90700529705013,-0.3785191822132935
0.5872460669538517,-2.2787456677763496,-0.5540705610491368
-0.13637680569668031,0.26693458776509704,0.13595446160971128
0.3826742402521903,-2.965448037011271,-0.3734026124727333
0.2529429357693007,-1.0524850205983782,-0.2502543307955867
1.2034740314729668,-0.801230790771613,-0.9332923013434902
-1.3636608589756265,-0.6229638503444677,0.9786240413635975
-0.657110431223309,1.1728032401391726,0.6108315586233111
1.3512344522296762,-0.6686513923779254,-0.9759929676123832
1.170791351672749,-0.3078382642648161,-0.9210590565876666
-0.1330297416428612,-1.5747352147540352,0.13263771940738367
0.3603977934046103,-0.7604892502239595,-0.35264649897726097
-0.667856451056602,-1.6363822364210912,0.6193044015662112
-0.9356365208287161,-2.560824457389338,0.804976892888129
-0.10890478518005353,0.6206915602882672,0.10868963976666157
-0.43994331592184155,1.0092767913300973,0.4258881793677453
0.2509683355526162,0.7169420760576868,-0.24834207546112175
-1.2667960891050454,-0.21903573719656588,0.9541466976195392
1.4231844229984993,-0.7212853189246209,-0.9891251307525604
1.4586322334388084,2.1800018974309516,-0.9937162001542329
0.5944851420592352,0.1144907108173081,-0.5600823013973574
0.10828909903236106,-0.12490873422161419,-0.10807758054653109
-0.5714171511410168,-2.846147605161386,0.5408246073860753
0.9413850591208459,-0.9525130342430619,-0.8083742168222926
0.5541935176616377,-0.7188262872848576,-0.5262576992175817
-1.012149181965326,-0.6070633146185971,0.8479729534582466
1.2327815534815274,0.4810342153639935,-0.9434148548120633
0.9676117287695067,0.20161528036127052,-0.8235332735082892
1.3493997398757722,0.6474305567606677,-0.9755917210708347
0.6771585251650798,1.5892995692527698,-0.6265810352497937
0.3402455878073696,1.8779144322965609,-0.33371861113281626
-0.24527089112814338,1.3087384573589667,0.24281911748013926
1.2981854500620398,2.7331421757296077,-0.9630712093993735
1.098191668501225,-2.89060450394183,-0.8903856512027605
-1.3643439896814318,-1.8253320858987234,0.9787643039238185
-1.420899076508244,-2.954622750131147,0.988786427441813
-0.3706098993658511,0.8848482849276182,0.36218399053020767
0.9316599923454989,2.388183293699921,-0.802611235800966
1.4618283879448333,-1.5391062205422044,-0.9940688664997539
-1.0487493266894155,2.56220726877784,0.866800248521971
0.2823921460564054,-2.6383956582626347,-0.2786538406449939
-0.3573274301069356,2.6066161608330862,0.3497717284972208
1.4097431934438096,-0.8902638765621935,-0.9870589526279888
1.0263567694071263,-2.3914750293047007,-0.8554177000581967
1.0149861141334133,-0.08476944488204641,-0.8494732252265893
-0.09392052061508904,-1.4593405936769523,0.09378250167929116
-0.25554149298700457,-1.290762588228463,0.25276935451614424
-0.6797787842078813,-1.1562602104422806,0.6286209972695213
-1.3308735100472187,1.818155386995981,0.9713563186205508
1.0941671287651595,0.23496766005152692,-0.8885464468372698
0.9387030273902326,-1.1321538050639781,-0.8067924824935668
1.499153019858392,0.6620026998655102,-0.9974347158169911
1.4899105112217161,1.2969040453391614,-0.9967305255516453
0.16629511680788234,-1.3642559955987974,-0.1655297198724948
0.8069622455415315,-0.5187053908478907,-0.7221893088115765
1.334297189647284,-2.2686834399783145,-0.9721641850741617
1.0489421720322345,-1.913103902791918,-0.8668963957985164
-0.757955694770407,1.086707123789897,0.6874382205311108
-0.14836759406971955,-1.9113699138262383,0.14782385831161582
-1.112521754545515,0.150980302002361,0.8968171637100137
1.3621530817761673,1.2542775703345956,-0.9783128434731582
0.31852390335264014,-2.358738461431537,-0.3131650552083621
-0.8140715834896118,0.4038733177734213,0.727088513516447
0.5151020532175701,-1.4606232977918174,-0.49262366264365226
0.3543847213736875,2.777561251425479,-0.34701338563532114
-0.4255118459014784,-0.09872611968045142,0.4127870391534324
-1.159327223401113,1.8359552986509486,0.9165342350161072
0.5147195867783987,0.3013592529375706,-0.4922907880889158
0.060923102711379906,-2.739524802871085,-0.06088542242527547
0.816955175206918,0.7989082535641341,-0.7290651996817237
0.06049050333598016,2.7084200532399425,-0.06045361994115112
1.0565445009556202,0.6096709208779871,-0.8706609805314847
0.15572051632345651,1.9151331565607412,-0.15509193759250314
0.1828139146061587,2.3052387800904466,-0.1817973131217075
1.129960807975035,-1.6315213683064052,-0.9043954670223909
-0.2895514013628089,-1.7277309605506401,0.2855223294499838
-1.097954314648078,0.6658859331059501,0.8902775809929845
-1.413651971059983,-0.5338291811597715,0.9876782136098441
0.7654117670208569,2.0391678172003225,-0.6928339813086845
0.360928654060394,2.4001387403880674,-0.3531432056352361
0.6122393042976708,-0.8794717241836914,-0.5747014635787743
-0.8611075154732678,-1.5787766461531076,0.7585646825576836
-1.0908855732396907,1.6831530914631712,0.8870361313965012
-1.4563660029963543,-1.3511637867111834,0.9934599915745698
-0.44823732358020907,1.9356859110820706,0.43337766233364805
0.26975306056389936,-0.457570478107423,-0.2664934355170516
-0.32326786470080293,1.005299395748823,0.3176668483934887
-0.1875752339288128,-2.426788116991991,0.18647721156196376
1.2124760834812451,0.7431559480594379,-0.9364872380436844
-0.45523359893009907,-0.2893939275766253,0.43967213462868626
0.04196846747943228,0.5196507790528448,-0.041956148355206266
0.8509590382234293,-1.9919147535308195,-0.751913008610319
-0.3103716530361895,1.421242469665093,0.3054125530297475
0.3662601006836206,2.1767824652593717,-0.3581261007638361
1.0870911262402356,-1.6995611994553461,-0.8852778536839343
1.3485618709729263,-2.4257126668790296,-0.9754073890586784
-1.0587795572128862,-2.8581684837219816,0.8717581924087708
1.279762875484483,0.851829002659596,-0.9579478461510118
-0.023651120761385425,0.6425642165326844,0.02364891584675254
-0.725266835103125,0.2801844762844201,0.6633351449734849
-0.12259273128521597,-1.6083174233041475,0.12228588804758969
1.4400977258564311,-0.6545640245669118,-0.9914710892259179
-0.022145718021391314,0.5668580111170383,0.022143907901264307
-0.5137451691374754,-0.01939884684498372,0.49144239138257684
0.4002025629501773,2.926713121289324,-0.3896049071503553
-0.7795631436654208,-2.1813614846596012,0.7029687850197329
-1.2724100156740081,1.1708673242855632,0.9558121227457625
-1.1133608342680523,-0.5740873913742472,0.8971880579836153
-1.1158624831266826,-0.43080231044631123,0.8982900994274878
-1.044291919463117,1.305586593949057,0.864568934170043
-1.0835184820517696,1.1546169079462176,0.883610704665181
0.4226242344096438,2.94753596221313,-0.4101552056835357
-0.9543597468025655,-2.2296342632752486,0.8159437573035067
-0.4629981500284104,-2.3753421036950018,0.44663260745978134
1.1903652297180356,1.3460329027724471,-0.9285046465576571
-0.07811507921138294,0.4703215020384546,0.07803566085795792
0.5026732155630818,-1.3550360006411648,-0.4817697901665064
-0.9830403863951105,-2.5234837860660804,0.8321870931208355
-0.9231329435739877,-2.486050502421417,0.7974957127530035
-1.3773941512005634,2.36514524798471,0.9813560219883091
-0.9931948107835064,-1.8487960516875426,0.8377746693238706
-0.6642289829041241,-1.0597706273068754,0.6164522230830857
-0.9689685471697596,-1.6400615866380719,0.8243021948446606
-1.233892398728833,-0.8700221650083764,0.9437826454452181
-1.1380923866981976,-2.58345694352344,0.90783523451559
-0.11766369590182268,0.11435874544962221,0.11739237980093467
-0.8809988447826225,-2.5943246184467106,0.7713749094097189
-0.4071904168557736,1.802139046934169,0.39603103090778674
0.010251812564570528,-1.5977275085374019,-0.010251632988510246
0.5711844858880957,0.24007148762706354,-0.5406288897713607
-1.3820635804767032,2.2804745253687493,0.9822427786673575
0.8982311967271279,0.9052642142831653,-0.7822261790710566
0.3837011684727232,0.1977467193080118,-0.3743550652849603
-1.2547229041533843,-1.0539974813077464,0.9504632671920543
1.1207358723203318,-1.0019885216508124,-0.9004208050944228
1.2626172015954396,1.0169217311891412,-0.9528874643915158
-1.3167661204354086,2.9648361673270056,0.9679074665998859
-0.6693670555583888,0.9710351390962719,0.6204897471137667
0.918603839379184,0.3467005042201494,-0.7947550226462896
0.7447790711509752,1.3839030614354764,-0.6778093917870792
-0.946436941930868,-0.20876632629769087,0.8113377752439818
-0.8719520299898691,-2.6391459443952887,0.7655862007775205
-0.38858369162585404,0.37378089526745883,0.3788780777988107
-0.04643104442693602,2.745751707032281,0.04641436322673688
0.35476431459088786,-1.9481823458540422,-0.34736936598760293
-0.39325908129068265,1.1400293449239944,0.38320074449460045
-0.11239585160055632,-1.7943978680456611,0.11215935479779743
0.7424128144012698,0.21496610683848782,-0.676067734731677
-1.3899503913282063,-2.4199413021196823,0.9836918933178327
-0.7426891669679377,-0.29777438245088916,0.6762713363944776
0.6400487576536573,1.5369799733714764,-0.5972345489596805
1.1856205130615978,-0.9145708545661075,-0.9267323898957318
0.03503232634699849,0.9894703469233082,-0.035025161135179034
0.09634045579594686,1.772699764738375,-0.09619149455124812
-1.1784839659806718,2.563066916876716,0.9240274550985489
-0.15776289952963607,-1.5921475088672787,0.15710928317313166
0.0978517993650696,-0.6041045051441509,-0.09769571935736712
-0.772588489095811,-2.085503920017495,0.6979912083444763
-0.6922703071518571,2.954901012950251,0.638286505612128
-0.36814751068613205,2.5620058075457717,0.35988768602736115
-1.439786406666821,0.23974278168335772,0.9914304679410115
-0.5337625032504651,2.0521997662585276,0.5087760696831808
-0.8656559790103661,0.12574786363225332,0.7615205941491621
-0.5175079434662561,0.7415141280165582,0.49471594272745206
-1.1407136045422464,-2.4652534073039005,0.9089312620730702
1.1715818422196849,1.5316225229808476,-0.9213666039228238
0.280777360662146,-2.2337190981885913,-0.27710265168133735
0.5373069574334686,1.95640578151517,-0.5118242840776082
0.8675137158220148,1.6921685260223152,-0.7627233542451992
-0.004673403212828164,1.2524681864578584,0.004673386201115694
-1.239239135737729,-2.7830377168514273,0.945536599824048
0.11131962545564322,-1.1812298643280283,-0.11108985464056806
0.2605233540626375,-1.4213245805349428,-0.2575862807831026
0.7363184225529897,-0.8391815551708852,-0.6715646189303813
-0.20502136131096194,-2.4741435194169688,0.203588073884473
-1.1172590916133087,2.6217469381863765,0.8989028969651549
-0.6486722826038266,0.3228134442742574,0.6041288983170874
-0.4107531108040947,-1.1668541360518587,0.39929990847866204
0.43775172399480367,-0.6181108975542995,-0.4239042588173533
0.21233491400673565,-0.31678475697098607,-0.21074294760990583
-0.43170982230646127,0.6035660001637035,0.4184243622274008
1.459545746378939,0.09407656617898663,-0.9938180341499551
0.31732445807066156,2.5163518392865036,-0.312025718568769
-0.7883196247920166,-0.018219102565018463,0.7091695458574097
-1.1946525821387888,2.952948088939876,0.9300880911332668
-1.0414225824470038,2.1085497464705742,0.8631234944115282
-0.7621268148464756,-1.7489369138559852,0.6904614778244077
-1.0179558802213329,2.5835712878634975,0.8510364197675613
-0.9402989278460827,-2.3018016126871435,0.8077343683856261
-0.6447144939184587,1.904698250947149,0.6009702661709589
-0.9798792141157355,-0.7162602391405195,0.8304300839731091
1.1902962738792757,2.267845922670417,-0.928479039614398
-1.2592987630150734,2.208340140644702,0.9518756573940629
0.07353416871076401,1.8355524007057271,-0.0734679167260614
-0.2688095190310156,1.7401826178423683,0.2655838970373925
1.447135850725819,-1.1719251654117553,-0.9923637818062467
-1.163883293495843,-2.514484301692487,0.91834694479914
-0.3064332028627752,-0.5821189274090313,0.30165992251271073
1.4084112998261067,-1.958852910080948,-0.986844497668849
1.096521377681941,1.1697065334147698,-0.8896240814908786
0.9512162128478399,-0.923401640773287,-0.8141223534704107
-0.7262915188651805,2.853661205159489,0.664101590456811
-0.9873372378298025,0.8458324640719921,0.8345619858863775
0.505929659773293,1.9348833818061655,-0.48462084564079166
1.2881279673827573,-2.2048519635489097,-0.960314601566369
0.17028867904178924,2.1720868936357354,-0.16946685967970246
0.21483806840969955,2.536543143080366,-0.21318922216309272
-0.6600627190191475,-0.07762848708638437,0.6131663983053937
0.8084787995758109,0.6375176265058649,-0.7232374714475089
-0.9388687543274299,1.5888588054179724,0.8068903886736002
-0.528962290787269,-1.9509682364375247,0.5046377263303137
-0.22369068415074977,0.01539645878065432,0.2218298578857874
0.022831136053365064,-0.6080218333661214,-0.022829152609120558
-0.7727708027547593,-2.1217560470265053,0.6981217527086058
-1.1554895257823894,-0.7947934662508116,0.9149925783491841
0.3318601273248978,-2.5909661436870386,-0.32580222598754716
-0.6341083402792327,-2.8451285583030783,0.5924594286418907
0.24371466426783694,-2.189002265071063,-0.24130917260086296
-1.0369118541773932,2.7786906695350435,0.8608368355373393
-0.056579694435547445,0.2971772153701018,0.05654951153116805
0.09776829765475759,2.79493296691932,-0.09761261675106228
-1.3445293895327193,-0.4050127300192079,0.9745106630454071
-0.49018716541823837,-1.1291032014884426,0.47079102212547835
-1.0967559691830773,0.03685117704146457,0.889731193434653
-1.3098750885816968,-0.3629298682025395,0.9661527356619192
1.4698806971698355,-2.3660118944295365,-0.9949123377623675
-0.5329384650758311,0.8449578881412374,0.5080664834684444
0.9296233375639047,-1.7037709049424024,-0.8013947024202029
-0.7360780357087084,0.7175277293869775,0.6713864858599107
0.5445081666717879,0.9012065543889203,-0.5179974477173311
0.7806835796690597,-2.0878508812281114,-0.7037652208890012
0.2869162218235328,-2.631902237335991,-0.2829958585802118
-0.08527143434952489,1.6845695164106385,0.0851681340547803
-0.2644772575581944,-0.24119745738407872,0.2614047375774038
-0.453395200371014,-2.651017226967145,0.4380202195683358
1.2885874327434776,2.9691979030186033,-0.9604426538628855
0.9918582233631872,-2.6533166340218,-0.8370441229358683
1.3950807319995375,1.1702113731513188,-0.9846016959111161
-1.1271083295433657,2.9020735515804814,0.9031746503012915
0.6926024256109327,-1.5649193747044463,-0.6385421348274513
1.3150213704631133,-2.146503787876823,-0.9674675259629358
-0.9563008015030195,-2.2716903634654266,0.817064403938339
-1.3005111978996675,-1.1803491145944267,0.9636948043504975
0.7233619478701772,-2.39372513393612,-0.6619084724721217
0.2234193395397357,1.152968050164791,-0.22156526555725273
1.0254863302748163,-2.6262492112196236,-0.8549665418911582
-1.0806828701211315,0.05653276889873826,0.8822794572834982
0.8858019355796705,2.9801811231178608,-0.7744225956065115
-0.8951180398567664,1.883821617036113,0.7802829118861847
-1.0090321714028865,0.6913166293860655,0.84631669807219
-1.0072026062070212,-1.16247827528033,0.8453407092758923
0.9437241606941464,0.7433750177498308,-0.8097489605528165
0.4955916620886005,0.16224878346990979,-0.47555221221959515
0.06919627430735797,-0.4434996966577711,-0.06914106746456385
-0.4235085476294924,-2.2157377395588034,0.41096155277997565
1.1316016224393248,2.319625291442801,-0.9050943770127005
-0.32266467773209384,-0.3012921070720651,0.3170948473134156
0.9497983184147314,-1.8322649290754096,-0.8132981734795365
-0.18259527428934463,-0.7934438947362623,0.18158231187822246
-0.36916671172527726,-0.515221484826438,0.3608384090622453
-0.11196064299118058,1.9652273734012455,0.11172688164514416
-0.5958663775075738,1.401686283368412,0.5612260332795899
0.7428281405287533,1.6158293618480393,-0.6763737051009182
0.008161170277437346,-2.9338124134281167,-0.00816107968235565
-0.8033619145595481,-0.503076010921431,0.7196943009733253
1.1987237198237053,-0.11193509018805825,-0.9315758569790358
-0.3483263358803659,-2.88484633906166,0.3413251335307313
0.13065858334196578,-1.4411207475297947,-0.13028714060497892
1.219416332893641,1.5617389387328098,-0.9388986216518785
0.3727139877419763,-2.1773417656260055,-0.36414442206626224
-1.149305877874908,0.21186078871554992,0.912480180225404
1.3194963708404255,-1.708788767896575,-0.9685899888758311
0.3831241592142536,-2.9272753521366406,-0.37381995071236535
-0.4952831560287416,-1.5527912544027511,0.4752808006695291
-1.0821837820098383,2.855242529460323,0.8829849814841066
0.882075567810888,1.8092226712979373,-0.7720596681911118
0.36021826778554056,2.757459865926201,-0.3524785010093489
0.10038327592896445,-0.07287573644182554,-0.10021477045047536
1.1816777491528727,-2.341582807934979,-0.9252438070998692
0.8657916336735925,0.2877569338421577,-0.7616085104523032
-1.0449753608017465,-0.27373599264023474,0.8649121712292692
-0.5648337966133553,2.0661424964376955,0.5352754351310708
-0.7545325805566028,-2.4115045152945322,0.6849481855292403
0.7318388777180309,-0.07055317786933113,-0.6682387913360186
-1.399402695792662,-2.0997080118360945,0.9853480321143473
0.2096690546139497,-1.0519444386596402,-0.20813621361759607
0.7873760572220716,1.4241424643267981,-0.7085039792874814
1.1302969102852485,-0.14389122378740105,-0.9045388291976888
-0.4737547538522775,-0.7446702891253842,0.4562307045462151
0.9637719140160383,-0.6331423285797881,-0.821349003795689
-1.1681047891343783,-0.24331938956408017,0.920009524880782
1.0393568752035547,1.7100992630223413,-0.8620784861166056
-1.1175340130040528,2.3525081336414067,0.8990233192231807
-0.3081381283188982,2.73200811902357,0.3032849858103321
0.8918860973386611,1.7214203175317708,-0.7782574970084243
-1.0502477179536787,-1.1075586255119236,0.8675464562601904
-0.8122458143020755,1.1288082365192533,0.7258338319741658
0.6667577051791991,-0.37438125566764846,-0.6184413465143497
0.6601096096382228,-1.471976267723693,-0.6132034390528771
0.423442898655892,2.0452294765555354,-0.4109017028319634
0.5818453334012998,-2.7694419062260502,-0.5495665553022104
0.12817333004278852,2.410571952812541,-0.12782267102844588
-0.7446028232791417,-0.23113521225159506,0.6776797971859758
-0.4629120194882417,0.8232088608496824,0.44655554330601094
-0.955206849595723,0.9561235332346962,0.8164332011191733
1.2253516840008851,2.370706444239218,-0.9409249828672697
0.2501753842983614,0.8200180930032439,-0.24757388747387726
-0.29744574970908033,0.6836015085603706,0.2930790767942826
-0.11398258906760184,-2.60008775663586,0.11373593846570232
1.341850018835446,0.11044813167122447,-0.9739060725481541
-1.0399457906517595,-2.09898599509775,0.8623767841059875
0.2586894960503918,1.424602612328913,-0.25581387361376834
0.017666036653397832,0.0733315248760471,-0.01766511777222298
0.3343627063039434,1.0813666752501199,-0.32816723641413587
-1.4456694485374784,-2.7499625963856946,0.9921818407302108
1.1163717268324547,-2.4912479037251805,-0.8985137460960135
1.296354847450837,1.297940328376093,-0.9625767120816844
0.19539955076762672,-2.56749398400796,-0.1941584978349159
0.589952471630677,-2.5724596334084486,-0.5563215290289222
1.267498143531887,-2.9273491485906753,-0.9543566150166244
0.621715902940196,2.739008389796881,-0.582430840911391
-1.042382871257216,1.4250501567540415,0.8636080354056147
0.22886508050043952,-0.8804915489876151,-0.2268723439723238
0.3201451391485677,-1.2207865122740686,-0.31470432852277397
-0.22760798609284194,-0.9017806215249027,0.22564784998574244
0.7093327068741684,1.647921187087091,-0.6513275762680479
1.3031010443070445,0.9682236664224861,-0.9643830767940516
1.276705538720329,-1.8888265927951924,-0.9570660909454957
-0.14748188578760368,-1.955343987995494,0.14694782281492771
-1.1602858624777341,-2.409626101719616,0.9169172274981826
1.4545235968870038,0.9618163182080286,-0.9932479382405933
1.016694259337802,1.5862359733304157,-0.8503732571137144
-1.1260119563901996,-1.4097214300499759,0.9027034638699892
1.262525647852117,-2.874330233814523,-0.9528596899456088
1.1096890861863846,-2.5069699951414357,-0.8955603909819059
0.05651417137821646,2.807160209070183,-0.056484093202748074
0.27382630723478774,-1.2273313351354784,-0.2704171586885851
-0.3029918883896092,1.615338887028802,0.2983771398888586
-1.335715083533906,0.7479814131255829,0.9724954211996973
-0.49440827506229734,-0.7083621620826248,0.47451086870791964
0.9085603457940343,-1.7658764268266693,-0.7886193401812694
-1.4861039309861914,-2.2716814910435614,0.9964157422455762
-0.49950248492656746,0.6900778082332,0.47898886873549007
-0.3054939192271702,1.6478026838267281,0.30076426191056616
0.11218680881376875,0.8634255212467838,-0.11195162857318391
1.2595668492382814,0.1818127994949501,-0.9519577874524527
-0.46096201690211625,-2.7482926594101826,0.44480991904860123
-0.45914039431131703,2.8109326655663027,0.44317769121465944
0.7125037443292452,1.792285149927448,-0.6537304701985396
-0.14334617733057842,-1.2430677797942116,0.1428557655551568
-0.8261855311800541,2.879821976153104,0.7353517163007453
-0.14268145160191992,0.6112895378179326,0.14219782606167036
-1.0774289388606004,0.4945359492434789,0.8807430791533479
-0.9708390404813301,1.4884390765771922,0.825359732118331
-0.004896681781560774,1.8706187285408253,0.004896662213225811
-0.24322365148635638,0.9388716439890157,0.24083264101689916
1.2445377032043003,-2.2314255218028,-0.9472480863479018
-0.41281830265010067,-0.9703949640330096,0.40119246556617816
0.24176505083413025,2.568501841956298,-0.23941671616984958
0.39679286375859113,-1.6523063289368884,-0.3864623765553244
-1.460716630234999,-0.7669978569749203,0.9939473458472012
0.4906121160501318,-0.4075387023348238,-0.4711658900732677
-0.9658920993907457,-0.3635700618332871,0.8225565656806055
1.3832109524083656,0.6776374949671533,-0.9824573954536473
-1.0540118167406611,2.6584550264682454,0.8694124036615555
-0.2561276288189287,-1.5558437290049703,0.2533364130514733
-1.2439509957640684,-2.2709917421944916,0.9470598828465147
1.4906227555378422,-1.815177060840376,-0.9967878203934866
0.0065850309937278695,2.3215494012556173,-0.006584983403117133
0.28615505196013125,0.8748648759312361,-0.2822657225693972
-1.2987705678347177,-1.2845592645650392,0.9632285856252865
0.7498814111975332,1.8956816338117033,-0.6815519851237529
-0.8702832207132427,2.168219978180616,0.7645115346027608
1.1941628683221412,2.079086032141668,-0.9299080898287001
-0.8845810785539785,2.5135592018373263,0.7736496206749545
-0.9279368380090003,-1.4865538789598305,0.8003848073075309
-1.3903509964557155,1.5302515724776695,0.9837638679325978
-0.08379916467000226,-0.23676301635515973,0.08370112195493364
0.19452339978784927,2.051991317340369,-0.1932989454458688
-1.302874081714943,1.370944062969679,0.9643230181917484
0.8265828500850319,1.6586846789983483,-0.7356209155757232
-0.14013349575591727,0.9369710260864288,0.13967530303337256
0.07317080798274,-1.9354273831817588,-0.07310553310889883
-0.17771175918531545,0.27016151338162997,0.17677783539400388
-0.29771081737402216,2.9080184371470494,0.29333249456315985
0.17892099392465366,2.6243283989827138,-0.17796789609215652
-1.0342792622078625,-2.74095758521793,0.8594941778380403
-0.9542156085141866,-2.0111111056233772,0.815860417973679
1.085356863040552,-2.2096273592726288,-0.8844699820112493
1.3383463864008984,1.3558794599117725,-0.97310494214766
-0.38007205116074116,1.9067119791416705,0.3709873798150647
-0.6877659805693387,-1.7189318021359685,0.6348126166439788
0.4319986297170473,0.03511615771097398,-0.4186866545795673
-0.2737974867057109,2.0442181680672,0.2703894118065283
-1.4238409330189654,1.3968092685975035,0.9892214747353388
-1.031542207901429,0.2534232329510897,0.8580919270624054
0.6479166865421924,0.5420861427526376,-0.6035266015316558
0.47677182573045407,0.05016328149767979,-0.4589134002043041
-1.4187120224895495,-1.2147092920870766,0.988457455848268
-0.8340835142011517,0.39013195715409665,0.7406810756743738
-0.8067756102357858,1.1333118123005441,0.7220602014417148
0.5156782307961851,2.2399374951648463,-0.49312499503453877
-1.4408683867369074,0.8177481238754885,0.9915712325691701
-1.1876742540462786,1.5667292222589477,0.9275020707678684
0.899748256119568,-2.039570190272562,-0.7831703983019446
-0.9643660138369992,-0.23065515348126064,0.8216877488068638
0.4582383235556242,-2.94401028103744,-0.44236886430705186
-0.7854516568598204,-1.5199268128702619,0.7071446057648111
-1.2016758217219645,1.358770290678029,0.9326450239201381
-0.7704834270016377,2.9508597080961803,0.6964822146723116
0.6668007955669775,-2.404931402476705,-0.6184752077010671
1.0670894043188572,-0.5910341048322705,-0.8757993431114582
0.9906595937009746,1.8004258121949572,-0.8363877090877722
-0.30844941114463564,-1.775786192226607,0.3035815924850237
0.5042554097119387,0.3305096958137175,-0.48315565985518544
-0.8850471137525371,1.3984277761780488,0.7739448229159963
-0.6205568092169602,0.695912701561074,0.5814882454689907
1.1890074555633592,-1.8718515923075032,-0.9279996210824657
-1.4609942294677918,-0.8676925878855632,0.9939778039113388
-1.2434744074365958,1.7027507069123828,0.9469067632918157
-0.876341234561918,0.32535908479209974,0.7684025387477197
-1.4204033883785407,-2.968622318742524,0.9887122816210137
-0.9556936947306081,1.565944560168563,0.8167142281550993
0.24912468290907652,-2.7881318703585656,-0.24655575898251392
-0.23572634822250604,1.4744026963873926,0.23354930809164176
1.1780151332309243,-1.7851166390085755,-0.9238481065463275
0.9523306852153226,2.748440880716281,-0.8147690144650231
-0.4745479449063721,-0.7923554921874931,0.4569363911586858
-0.7217296997061226,-1.0384103019715254,0.6606840830783741
-0.3609227754981994,-2.106671698005332,0.35313770582693876
0.27088482754442333,-1.1663747070587107,-0.2675841031985215
-0.6958090775313712,2.259904570969203,0.6410066448561477
0.37244672354740205,2.9780060257634844,-0.36389549456242837
-0.27176504342627883,-0.7901428169589098,0.2684321178060838
0.1561415425559407,-0.3083362142727446,-0.15550785566648612
-0.19162041259404994,1.3324256292164218,0.19044989836328932
-0.616602721374247,2.317174682790447,0.5782668409651498
1.34535992088647,0.5582660051207049,-0.9746966493125676
0.7908173824792826,-0.6508458109330242,-0.7109283458841732
-1.0796604727006422,-0.5242689549082575,0.8817977272059109
1.1054039276937386,1.1737088789808414,-0.8936455360930051
-0.037706405251459074,-2.980690418374328,0.03769747089514739
1.1836566806822741,0.7175360247590441,-0.9259927481588957
0.8995657678419455,-0.8670419373518556,-0.7830569127468687
-0.22435948659229954,1.765183987662505,0.2224819477135931
-1.432592075039648,-2.442056161061207,0.9904649838009955
-0.6939679218451618,0.5292136016903433,0.6395924071599582
0.12490264398260065,-0.11416266068325776,-0.12457813638118025
0.4004346594784418,0.8539531554313644,-0.3898186534011291
-0.7263369437003931,-2.61087843310219,0.6641355513020063
-1.0819317777815276,0.4799027245687877,0.8828666623510647
1.0047907103978972,0.3689075277571421,-0.8440497505391776
1.4532065421106566,0.3639605664970258,-0.9930942840902783
0.07707054690805748,0.6209259995787288,-0.07699427140359782
-0.9849621424550895,1.0588076233581738,0.8332511597883763
-0.6830780204418931,1.829933998084618,0.6311834263064297
-1.4448279703575997,-1.381075679230714,0.9920764724686761
1.2428964196814971,1.950296461080372,-0.9467207772799032
-1.1467467513295766,-0.010465906419278248,0.9114302012084545
0.22954942654276067,-2.5376503251940132,-0.22753879217464495
-0.677834337938382,-2.648694424536125,0.6271075910495998
0.16253400754738023,-0.994570087823635,-0.16181933381774372
0.45426116505559255,1.7093818626688053,-0.43879852728321983
0.989225411121605,1.2460856084454948,-0.8356007187765901
-0.8807361847181904,1.7316897880344388,0.771207730934265
-1.4670125140245585,0.10361433864965619,0.99461929237484
-1.0893431097935782,-0.35880601226705666,0.8863229210713695
1.2000559255443153,-2.115284839762296,-0.932059349564318
1.1216702326875456,-1.0308434783441307,-0.9008268774067666
0.292239306510925,-0.39588380295674863,-0.2880973081084651
0.30155058130096,-2.4683974219222966,-0.2970011777040141
0.49511002363876644,-1.6763282837327325,-0.4751284657550354
-0.9738861641296512,0.5893517643824326,0.8270763257531761
1.2432358377748791,1.413978685435139,-0.9468300342213252
-0.24368842532378077,2.990085068357698,0.2412837089794113
-0.35058441525150763,2.5986799880613463,0.3434467326075791
0.056753115848512614,0.8553911972111492,-0.05672265458327178
-1.3591020996748349,-0.4725116802355682,0.9776763328050051
-1.0011498937317618,0.8170641882493963,0.842091718585956
0.7141008492791112,1.713909708481392,-0.6549382091323006
-1.2516039962246206,-2.289982854459676,0.949489174242132
0.3094563283991647,-0.5405706618222705,-0.30454083466804766
-0.7639526709560371,2.0388137138137035,0.6917810941855445
-0.33211315787407036,-0.6970022884017357,0.32604144023799775
-0.6339187896879004,0.43123362736311943,0.5923067159883102
-0.4329818506051526,0.5266161651731895,0.41957934519534873
0.6571377155527367,-1.8931424811981639,-0.6108531610522829
-0.6086348531304749,-0.8265873500862697,0.571747986717098
0.19921392089069156,-0.9929322675484071,-0.19789885963092116
-0.071848793402701,-2.842819748807611,0.07178699246144331
0.4910134960879444,-2.8548494166518683,-0.4715198872111413
1.3104892179742738,1.990182262054641,-0.9663109808577226
0.6977162916307509,-1.3615751401631255,-0.642469332350456
-0.8551788642277297,0.10847259743289239,0.754688278080655
-1.406450594816146,-1.2076465584673617,0.9865256092598736
-0.7132078671005248,2.6440754706920426,0.6542631371455956
0.2852337921007644,-1.4442194468053575,-0.28138180492319104
-1.3457225595472488,-0.4220591235663895,0.974777646474468
-0.01090125839629108,2.2363815029076113,0.010901042484643674
0.2905285467506675,2.051601400750852,-0.2864586618259588
-0.49726832754911765,-1.883391492922336,0.4770264847341141
0.8127366112374657,1.815859858774262,-0.7261713490683057
-1.1802052405986845,-0.2508786795726441,0.9246841741725637
-1.2745866547925737,-0.10218676748786848,0.9564497425028924
0.6845662686108103,-2.199120165504337,-0.6323370621676621
-0.013526051381404613,-2.516390917457252,0.013525638944161355
0.5652071892832082,1.3676358418425911,-0.5355907942246547
-0.19551798418876132,-0.021233085868201496,0.19427467612642724
-0.7607939002826796,-0.3788957843089227,0.6894966754580399
0.957306953022599,1.3770493719143806,-0.8176440833105031
0.8982476369069379,1.5930773939466585,-0.7822364211077089
0.5840894125632801,-2.0465509939838786,-0.5514399857504689
-0.6835645883101119,0.6613508968658479,0.6315607499632966
0.2706920006072613,-2.187875506333887,-0.26739830281699795
-0.4170783091799195,1.5082505161742743,0.4050909529033016
-1.2252537800200975,0.9417309376028369,0.9408918265929548
1.2519407263867284,2.7396877265007475,-0.9495947862642202
-1.0895441072431158,-2.586251901861473,0.8864159785903954
1.3507120614624073,-2.657671673092474,-0.975879056674128
-0.1619826811261329,-1.3068775518407991,0.16127524909201554
